{
  "version": "1.1.1",
  "windows": {
    "main": {
      "main": true,
      "url": "app://editor/index.html",
      "windowType": "dockable",
      "x": 1912,
      "y": -8,
      "width": 1936,
      "height": 1056,
      "layout": {
        "children": [
          {
            "children": [
              {
                "active": 0,
                "children": [
                  "hierarchy"
                ],
                "height": 459.984375,
                "type": "panel",
                "width": 307.40625
              },
              {
                "active": 0,
                "children": [
                  "assets"
                ],
                "height": 459.015625,
                "type": "panel",
                "width": 307.40625
              }
            ],
            "height": 922,
            "type": "dock-v",
            "width": 307.40625
          },
          {
            "children": [
              {
                "active": 0,
                "children": [
                  "scene"
                ],
                "height": 648.703125,
                "type": "panel",
                "width": 1178.0625
              },
              {
                "active": 0,
                "children": [
                  "console",
                  "timeline",
                  "game-window"
                ],
                "height": 270.296875,
                "type": "panel",
                "width": 1178.0625
              }
            ],
            "height": 922,
            "type": "dock-v",
            "width": 1178.0625
          },
          {
            "active": 0,
            "children": [
              "inspector",
              "cocos-services"
            ],
            "height": 922,
            "type": "panel",
            "width": 412.515625
          }
        ],
        "type": "dock-h"
      },
      "panels": [
        "hierarchy",
        "assets",
        "scene",
        "console",
        "timeline",
        "game-window",
        "inspector",
        "cocos-services"
      ]
    }
  },
  "panels": {
    "preferences": {
      "x": 672,
      "y": 240,
      "width": 600,
      "height": 565
    }
  },
  "panelLabelWidth": {
    "preferences": null,
    "inspector": null
  }
}
