{
  "5478eef7-9ddf-455a-a5aa-fe9ee7e3d0b0": {
    "asset": 1616575956980,
    "meta": 1616575956982,
    "relativePath": "resources\\Prefabs"
  },
  "fd8fe60a-84a5-4da5-ab2d-480aaaf10f00": {
    "asset": 1616578471570,
    "meta": 1616580786188,
    "relativePath": "Scene"
  },
  "056c75e6-c1cb-4fe6-b03d-c5e61e738cd9": {
    "asset": 1616664107463,
    "meta": 1616668094416,
    "relativePath": "Script"
  },
  "b2c05ebc-f4c7-4d96-a644-5a3829e10666": {
    "asset": 1616578251534,
    "meta": 1616580786227,
    "relativePath": "resources\\Textures"
  },
  "e156dda3-cb1b-4b9a-8fa7-556664cff50c": {
    "asset": 1616493630000,
    "meta": 1616577207732,
    "relativePath": "resources\\Textures\\background.jpg"
  },
  "8d027ac4-2cf8-49db-9498-71b168a543a4": {
    "asset": 1616503074000,
    "meta": 1616577207736,
    "relativePath": "resources\\Textures\\计算器.jpg"
  },
  "d669e27c-1457-49e2-800e-49025c2cdd84": {
    "asset": 1616493148000,
    "meta": 1616577207750,
    "relativePath": "resources\\Textures\\btn_-.png"
  },
  "9415d2ac-6294-4090-b59a-b0dda989d7e5": {
    "asset": 1616502924000,
    "meta": 1616577207751,
    "relativePath": "resources\\Textures\\btn_%.png"
  },
  "527eaa65-df1b-46b7-a6e0-30978f6ef3f6": {
    "asset": 1616493148000,
    "meta": 1616577207766,
    "relativePath": "resources\\Textures\\btn_+.png"
  },
  "03a4d287-e38c-4a15-b929-7a8af1bd6d0c": {
    "asset": 1616493150000,
    "meta": 1616577207768,
    "relativePath": "resources\\Textures\\btn_÷.png"
  },
  "426e0dae-3959-49fa-8994-79ad29a0905a": {
    "asset": 1616493148000,
    "meta": 1616577207782,
    "relativePath": "resources\\Textures\\btn_=.png"
  },
  "d9987ca2-a7e9-4128-b3c4-9543ac37e8d1": {
    "asset": 1616502866000,
    "meta": 1616577207784,
    "relativePath": "resources\\Textures\\btn_√.png"
  },
  "3f01c285-e894-4455-b7a6-5ccb3692f5fc": {
    "asset": 1616502862000,
    "meta": 1616577207797,
    "relativePath": "resources\\Textures\\btn_0.png"
  },
  "4ab62e9a-64c5-49e2-afdc-2e08af5da41c": {
    "asset": 1616493146000,
    "meta": 1616577207798,
    "relativePath": "resources\\Textures\\btn_1.png"
  },
  "c4d4b491-1280-4f23-970a-e6065864c26d": {
    "asset": 1616493144000,
    "meta": 1616577207810,
    "relativePath": "resources\\Textures\\btn_2.png"
  },
  "19fd743c-b321-4b66-aa1c-1aeb58b19bf0": {
    "asset": 1616502864000,
    "meta": 1616577207812,
    "relativePath": "resources\\Textures\\btn_1x.png"
  },
  "a1f3262c-d02b-498a-b6bc-883143b7fea5": {
    "asset": 1616493144000,
    "meta": 1616577207826,
    "relativePath": "resources\\Textures\\btn_3.png"
  },
  "c8c733a3-9e58-4a8a-b1aa-3187f9544137": {
    "asset": 1616493146000,
    "meta": 1616577207828,
    "relativePath": "resources\\Textures\\btn_4.png"
  },
  "f271cde6-d9e1-4e62-a309-94349987b65e": {
    "asset": 1616493146000,
    "meta": 1616577207842,
    "relativePath": "resources\\Textures\\btn_5.png"
  },
  "c8c9a1d1-9d62-476d-b029-27809d358360": {
    "asset": 1616493146000,
    "meta": 1616577207843,
    "relativePath": "resources\\Textures\\btn_6.png"
  },
  "c8a8d52f-9538-40f2-8698-950a1aeedfeb": {
    "asset": 1616493152000,
    "meta": 1616577207856,
    "relativePath": "resources\\Textures\\btn_7.png"
  },
  "2b6ec0f4-6cc7-4bfe-8f48-135c49f2085c": {
    "asset": 1616493152000,
    "meta": 1616577207858,
    "relativePath": "resources\\Textures\\btn_8.png"
  },
  "6fff5cda-c3da-4158-b8f0-724b637439fe": {
    "asset": 1616493152000,
    "meta": 1616577207871,
    "relativePath": "resources\\Textures\\btn_9.png"
  },
  "0904c948-7c6b-43fe-bf3b-82f46af7c77e": {
    "asset": 1616502870000,
    "meta": 1616577207873,
    "relativePath": "resources\\Textures\\btn_back.png"
  },
  "af177347-8b17-438a-bc34-cde3807cd246": {
    "asset": 1616502870000,
    "meta": 1616577207888,
    "relativePath": "resources\\Textures\\btn_CE.png"
  },
  "50e42f18-1d02-4e8c-97eb-f770804bd4c6": {
    "asset": 1616502868000,
    "meta": 1616577207890,
    "relativePath": "resources\\Textures\\btn_C.png"
  },
  "b983ba3c-add2-418d-a7db-e8def884442d": {
    "asset": 1616502864000,
    "meta": 1616577207904,
    "relativePath": "resources\\Textures\\btn_sign.png"
  },
  "25e92c63-c89a-427d-a912-4b39e50acc7a": {
    "asset": 1616493144000,
    "meta": 1616577207906,
    "relativePath": "resources\\Textures\\btn_dot.png"
  },
  "b477e09d-1e3f-493c-8572-151473a1e174": {
    "asset": 1616493150000,
    "meta": 1616577207920,
    "relativePath": "resources\\Textures\\btn_x.png"
  },
  "ef5c807a-19d2-44c9-bf60-c030c65eb89a": {
    "asset": 1616493142000,
    "meta": 1616577207922,
    "relativePath": "resources\\Textures\\btn_standard.png"
  },
  "c9c67018-5b92-4014-8993-0a005902ecd2": {
    "asset": 1616502864000,
    "meta": 1616577207931,
    "relativePath": "resources\\Textures\\btn_x2.png"
  },
  "eb60c0dd-7e5d-4502-bb7d-fe22547017a4": {
    "asset": 1616670243839,
    "meta": 1616670243848,
    "relativePath": "Scene\\Standard.fire"
  },
  "9836134e-b892-4283-b6b2-78b5acf3ed45": {
    "asset": 1616573831810,
    "meta": 1616636515876,
    "relativePath": "effects"
  },
  "430eccbf-bf2c-4e6e-8c0c-884bbb487f32": {
    "asset": 1616573831810,
    "meta": 1616636515907,
    "relativePath": "effects\\__builtin-editor-gizmo-line.effect"
  },
  "6c5cf6e1-b044-4eac-9431-835644d57381": {
    "asset": 1616573831810,
    "meta": 1616636515907,
    "relativePath": "effects\\__builtin-editor-gizmo-unlit.effect"
  },
  "115286d1-2e10-49ee-aab4-341583f607e8": {
    "asset": 1616573831810,
    "meta": 1616636515954,
    "relativePath": "effects\\__builtin-editor-gizmo.effect"
  },
  "abc2cb62-7852-4525-a90d-d474487b88f2": {
    "asset": 1616573831810,
    "meta": 1616636516055,
    "relativePath": "effects\\builtin-phong.effect"
  },
  "e2f00085-c597-422d-9759-52c360279106": {
    "asset": 1616573831810,
    "meta": 1616636516108,
    "relativePath": "effects\\builtin-toon.effect"
  },
  "f8e6b000-5643-4b86-9080-aa680ce1f599": {
    "asset": 1616573831857,
    "meta": 1616636516110,
    "relativePath": "image"
  },
  "71561142-4c83-4933-afca-cb7a17f67053": {
    "asset": 1616573831810,
    "meta": 1616636516129,
    "relativePath": "image\\default_btn_disabled.png"
  },
  "e851e89b-faa2-4484-bea6-5c01dd9f06e2": {
    "asset": 1616573831826,
    "meta": 1616636516130,
    "relativePath": "image\\default_btn_normal.png"
  },
  "b43ff3c2-02bb-4874-81f7-f2dea6970f18": {
    "asset": 1616573831826,
    "meta": 1616636516136,
    "relativePath": "image\\default_btn_pressed.png"
  },
  "edd215b9-2796-4a05-aaf5-81f96c9281ce": {
    "asset": 1616573831826,
    "meta": 1616636516136,
    "relativePath": "image\\default_editbox_bg.png"
  },
  "99170b0b-d210-46f1-b213-7d9e3f23098a": {
    "asset": 1616573831826,
    "meta": 1616636516151,
    "relativePath": "image\\default_progressbar_bg.png"
  },
  "d81ec8ad-247c-4e62-aa3c-d35c4193c7af": {
    "asset": 1616573831826,
    "meta": 1616636516151,
    "relativePath": "image\\default_panel.png"
  },
  "cfef78f1-c8df-49b7-8ed0-4c953ace2621": {
    "asset": 1616573831826,
    "meta": 1616636516151,
    "relativePath": "image\\default_progressbar.png"
  },
  "567dcd80-8bf4-4535-8a5a-313f1caf078a": {
    "asset": 1616573831826,
    "meta": 1616636516151,
    "relativePath": "image\\default_radio_button_off.png"
  },
  "9d60001f-b5f4-4726-a629-2659e3ded0b8": {
    "asset": 1616573831826,
    "meta": 1616636516167,
    "relativePath": "image\\default_radio_button_on.png"
  },
  "4bab67cb-18e6-4099-b840-355f0473f890": {
    "asset": 1616573831842,
    "meta": 1616636516167,
    "relativePath": "image\\default_scrollbar_bg.png"
  },
  "d6d3ca85-4681-47c1-b5dd-d036a9d39ea2": {
    "asset": 1616573831842,
    "meta": 1616636516183,
    "relativePath": "image\\default_scrollbar_vertical.png"
  },
  "617323dd-11f4-4dd3-8eec-0caf6b3b45b9": {
    "asset": 1616573831842,
    "meta": 1616636516183,
    "relativePath": "image\\default_scrollbar_vertical_bg.png"
  },
  "0291c134-b3da-4098-b7b5-e397edbe947f": {
    "asset": 1616573831842,
    "meta": 1616636516183,
    "relativePath": "image\\default_scrollbar.png"
  },
  "0275e94c-56a7-410f-bd1a-fc7483f7d14a": {
    "asset": 1616573831842,
    "meta": 1616636516198,
    "relativePath": "image\\default_sprite_splash.png"
  },
  "6e056173-d285-473c-b206-40a7fff5386e": {
    "asset": 1616573831842,
    "meta": 1616636516198,
    "relativePath": "image\\default_sprite.png"
  },
  "73a0903d-d80e-4e3c-aa67-f999543c08f5": {
    "asset": 1616573831842,
    "meta": 1616636516198,
    "relativePath": "image\\default_toggle_checkmark.png"
  },
  "c25b9d50-c8fc-4d27-beeb-6e7c1f2e5c0f": {
    "asset": 1616573831842,
    "meta": 1616636516214,
    "relativePath": "image\\default_toggle_disabled.png"
  },
  "d29077ba-1627-4a72-9579-7b56a235340c": {
    "asset": 1616573831842,
    "meta": 1616636516214,
    "relativePath": "image\\default_toggle_normal.png"
  },
  "b181c1e4-0a72-4a91-bfb0-ae6f36ca60bd": {
    "asset": 1616573831857,
    "meta": 1616636516214,
    "relativePath": "image\\default_toggle_pressed.png"
  },
  "5c3eedba-6c41-4c0c-9ba7-d91f813cbd1c": {
    "asset": 1616573831857,
    "meta": 1616636516214,
    "relativePath": "materials"
  },
  "f6e6dd15-71d1-4ffe-ace7-24fd39942c05": {
    "asset": 1616573831888,
    "meta": 1616636516308,
    "relativePath": "obsolete"
  },
  "8a96b965-2dc0-4e03-aa90-3b79cb93b5b4": {
    "asset": 1616573831888,
    "meta": 1616636516323,
    "relativePath": "obsolete\\atom.png"
  },
  "f743d2b6-b7ea-4c14-a55b-547ed4d0a045": {
    "asset": 1616573831888,
    "meta": 1616636516323,
    "relativePath": "particle"
  },
  "b8223619-7e38-47c4-841f-9160c232495a": {
    "asset": 1616573831888,
    "meta": 1616636516701,
    "relativePath": "obsolete\\atom.plist"
  },
  "d0a82d39-bede-46c4-b698-c81ff0dedfff": {
    "asset": 1616573831888,
    "meta": 1616636516339,
    "relativePath": "particle\\atom.png"
  },
  "ae6c6c98-11e4-452f-8758-75f5c6a56e83": {
    "asset": 1616573831935,
    "meta": 1616636516339,
    "relativePath": "prefab"
  },
  "b2687ac4-099e-403c-a192-ff477686f4f5": {
    "asset": 1616573831888,
    "meta": 1616636516703,
    "relativePath": "particle\\atom.plist"
  },
  "897ef7a1-4860-4f64-968d-f5924b18668a": {
    "asset": 1616573932716,
    "meta": 1616636516339,
    "relativePath": "prefab\\2d-camera.prefab"
  },
  "70d7cdb0-04cd-41bb-9480-c06a4785f386": {
    "asset": 1616573932716,
    "meta": 1616636516339,
    "relativePath": "prefab\\3d-camera.prefab"
  },
  "70bbeb73-6dc2-4ee4-8faf-76b3a0e34ec4": {
    "asset": 1616573932732,
    "meta": 1616636516339,
    "relativePath": "prefab\\3d-particle.prefab"
  },
  "ed88f13d-fcad-4848-aa35-65a2cb973584": {
    "asset": 1616573932732,
    "meta": 1616636516339,
    "relativePath": "prefab\\3d-stage.prefab"
  },
  "972b9a4d-47ee-4c74-b5c3-61d8a69bc29f": {
    "asset": 1616573932732,
    "meta": 1616636516355,
    "relativePath": "prefab\\button.prefab"
  },
  "2c937608-2562-40ea-b264-7395df6f0cea": {
    "asset": 1616573932732,
    "meta": 1616636516355,
    "relativePath": "prefab\\canvas.prefab"
  },
  "61aeb05b-3b32-452b-8eed-2b76deeed554": {
    "asset": 1616573932747,
    "meta": 1616636516355,
    "relativePath": "prefab\\editbox.prefab"
  },
  "27756ebb-3d33-44b0-9b96-e858fadd4dd4": {
    "asset": 1616573932747,
    "meta": 1616636516355,
    "relativePath": "prefab\\label.prefab"
  },
  "785a442c-3ceb-45be-a46e-7317f625f3b9": {
    "asset": 1616573932747,
    "meta": 1616636516355,
    "relativePath": "prefab\\layout.prefab"
  },
  "a3ee0214-b432-4865-9666-4a3211814282": {
    "asset": 1616573831920,
    "meta": 1616636516355,
    "relativePath": "prefab\\light"
  },
  "61906da3-7003-4bda-9abc-5769c76faee4": {
    "asset": 1616573932763,
    "meta": 1616636516355,
    "relativePath": "prefab\\light\\ambient.prefab"
  },
  "ddb99b39-7004-47cd-9705-751905c43c46": {
    "asset": 1616573932763,
    "meta": 1616636516355,
    "relativePath": "prefab\\light\\directional.prefab"
  },
  "0cf30284-9073-46bc-9eba-e62b69dbbff3": {
    "asset": 1616573932763,
    "meta": 1616636516370,
    "relativePath": "prefab\\light\\point.prefab"
  },
  "f5331fd2-bf42-4ee3-a3fd-3e1657600eff": {
    "asset": 1616573932763,
    "meta": 1616636516370,
    "relativePath": "prefab\\light\\spot.prefab"
  },
  "ca8401fe-ad6e-41a8-bd46-8e3e4e9945be": {
    "asset": 1616573932763,
    "meta": 1616636516370,
    "relativePath": "prefab\\pageview.prefab"
  },
  "cd33edea-55f5-46c2-958d-357a01384a36": {
    "asset": 1616573932779,
    "meta": 1616636516370,
    "relativePath": "prefab\\particlesystem.prefab"
  },
  "5965ffac-69da-4b55-bcde-9225d0613c28": {
    "asset": 1616573932779,
    "meta": 1616636516370,
    "relativePath": "prefab\\progressBar.prefab"
  },
  "4a37dd57-78cd-4cec-aad4-f11a73d12b63": {
    "asset": 1616573932779,
    "meta": 1616636516370,
    "relativePath": "prefab\\richtext.prefab"
  },
  "32044bd2-481f-4cf1-a656-e2b2fb1594eb": {
    "asset": 1616573932779,
    "meta": 1616636516370,
    "relativePath": "prefab\\scrollview.prefab"
  },
  "0004d1cf-a0ad-47d8-ab17-34d3db9d35a3": {
    "asset": 1616573932779,
    "meta": 1616636516386,
    "relativePath": "prefab\\slider.prefab"
  },
  "1f55e3be-b89b-4b79-88de-47fd31018044": {
    "asset": 1616573932794,
    "meta": 1616636516386,
    "relativePath": "prefab\\sprite_splash.prefab"
  },
  "96083d03-c332-4a3f-9386-d03e2d19e8ee": {
    "asset": 1616573932794,
    "meta": 1616636516386,
    "relativePath": "prefab\\sprite.prefab"
  },
  "7de03a80-4457-438d-95a7-3e7cdffd6086": {
    "asset": 1616573932794,
    "meta": 1616636516386,
    "relativePath": "prefab\\tiledmap.prefab"
  },
  "0e42ba95-1fa1-46aa-b2cf-143cd1bcee2c": {
    "asset": 1616573932794,
    "meta": 1616636516386,
    "relativePath": "prefab\\tiledtile.prefab"
  },
  "0d784963-d024-4ea6-a7db-03be0ad63010": {
    "asset": 1616573932810,
    "meta": 1616636516386,
    "relativePath": "prefab\\toggle.prefab"
  },
  "bf0a434c-84dd-4a8e-a08a-7a36f180cc75": {
    "asset": 1616573932810,
    "meta": 1616636516386,
    "relativePath": "prefab\\toggleContainer.prefab"
  },
  "d1b8be49-b0a0-435c-83b7-552bed4bbe35": {
    "asset": 1616573932810,
    "meta": 1616636516401,
    "relativePath": "prefab\\toggleGroup.prefab"
  },
  "232d2782-c4bd-4bb4-9e01-909f03d6d3b9": {
    "asset": 1616573932810,
    "meta": 1616636516401,
    "relativePath": "prefab\\videoplayer.prefab"
  },
  "8c5001fd-07ee-4a4b-a8a0-63e15195e94d": {
    "asset": 1616573932826,
    "meta": 1616636516401,
    "relativePath": "prefab\\webview.prefab"
  },
  "d8afc78c-4eac-4a9f-83dd-67bc70344d33": {
    "asset": 1616573831967,
    "meta": 1616636516401,
    "relativePath": "resources"
  },
  "294c1663-4adf-4a1e-a795-53808011a38a": {
    "asset": 1616573831967,
    "meta": 1616636516401,
    "relativePath": "resources\\effects"
  },
  "30682f87-9f0d-4f17-8a44-72863791461b": {
    "asset": 1616573831951,
    "meta": 1616636516401,
    "relativePath": "resources\\effects\\builtin-2d-graphics.effect"
  },
  "144c3297-af63-49e8-b8ef-1cfa29b3be28": {
    "asset": 1616573831951,
    "meta": 1616636516417,
    "relativePath": "resources\\effects\\builtin-2d-gray-sprite.effect"
  },
  "f18742d7-56d2-4eb5-ae49-2d9d710b37c8": {
    "asset": 1616573831951,
    "meta": 1616636516433,
    "relativePath": "resources\\effects\\builtin-2d-label.effect"
  },
  "0e93aeaa-0b53-4e40-b8e0-6268b4e07bd7": {
    "asset": 1616573831951,
    "meta": 1616636516448,
    "relativePath": "resources\\effects\\builtin-2d-spine.effect"
  },
  "2874f8dd-416c-4440-81b7-555975426e93": {
    "asset": 1616573831951,
    "meta": 1616636516448,
    "relativePath": "resources\\effects\\builtin-2d-sprite.effect"
  },
  "829a282c-b049-4019-bd38-5ace8d8a6417": {
    "asset": 1616573831951,
    "meta": 1616636516542,
    "relativePath": "resources\\effects\\builtin-3d-particle.effect"
  },
  "2a7c0036-e0b3-4fe1-8998-89a54b8a2bec": {
    "asset": 1616573831967,
    "meta": 1616636516558,
    "relativePath": "resources\\effects\\builtin-3d-trail.effect"
  },
  "c0040c95-c57f-49cd-9cbc-12316b73d0d4": {
    "asset": 1616573831967,
    "meta": 1616636516573,
    "relativePath": "resources\\effects\\builtin-clear-stencil.effect"
  },
  "6d91e591-4ce0-465c-809f-610ec95019c6": {
    "asset": 1616573831967,
    "meta": 1616636516589,
    "relativePath": "resources\\effects\\builtin-unlit.effect"
  },
  "bbee2217-c261-49bd-a8ce-708d6bcc3500": {
    "asset": 1616573831982,
    "meta": 1616636516589,
    "relativePath": "resources\\materials"
  },
  "6f801092-0c37-4f30-89ef-c8d960825b36": {
    "asset": 1616573831967,
    "meta": 1616636516722,
    "relativePath": "resources\\materials\\builtin-2d-base.mtl"
  },
  "a153945d-2511-4c14-be7b-05d242f47d57": {
    "asset": 1616573831967,
    "meta": 1616636516723,
    "relativePath": "resources\\materials\\builtin-2d-graphics.mtl"
  },
  "3a7bb79f-32fd-422e-ada2-96f518fed422": {
    "asset": 1616573831967,
    "meta": 1616636516724,
    "relativePath": "resources\\materials\\builtin-2d-gray-sprite.mtl"
  },
  "e02d87d4-e599-4d16-8001-e14891ac6506": {
    "asset": 1616573831967,
    "meta": 1616636516725,
    "relativePath": "resources\\materials\\builtin-2d-label.mtl"
  },
  "7afd064b-113f-480e-b793-8817d19f63c3": {
    "asset": 1616573831982,
    "meta": 1616636516726,
    "relativePath": "resources\\materials\\builtin-2d-spine.mtl"
  },
  "eca5d2f2-8ef6-41c2-bbe6-f9c79d09c432": {
    "asset": 1616573831982,
    "meta": 1616636516727,
    "relativePath": "resources\\materials\\builtin-2d-sprite.mtl"
  },
  "432fa09c-cf03-4cff-a186-982604408a07": {
    "asset": 1616573831982,
    "meta": 1616636516727,
    "relativePath": "resources\\materials\\builtin-3d-particle.mtl"
  },
  "466d4f9b-e5f4-4ea8-85d5-3c6e9a65658a": {
    "asset": 1616573831982,
    "meta": 1616636516728,
    "relativePath": "resources\\materials\\builtin-3d-trail.mtl"
  },
  "cf7e0bb8-a81c-44a9-ad79-d28d43991032": {
    "asset": 1616573831982,
    "meta": 1616636516729,
    "relativePath": "resources\\materials\\builtin-clear-stencil.mtl"
  },
  "2a296057-247c-4a1c-bbeb-0548b6c98650": {
    "asset": 1616573831982,
    "meta": 1616636516730,
    "relativePath": "resources\\materials\\builtin-unlit.mtl"
  },
  "196da5f5-3c70-43cd-9591-92ce9ee55a89": {
    "asset": 1616493142000,
    "meta": 1616578251589,
    "relativePath": "resources\\Textures\\btn_menu.png"
  },
  "c4480a0a-6ac5-443f-8b40-361a14257fc8": {
    "asset": 1616573831857,
    "meta": 1616636516667,
    "relativePath": "materials\\builtin-phong.mtl"
  },
  "fc09f9bd-2cce-4605-b630-8145ef809ed6": {
    "asset": 1616573831857,
    "meta": 1616636516230,
    "relativePath": "misc"
  },
  "2be36297-9abb-4fee-8049-9ed5e271da8a": {
    "asset": 1616573831857,
    "meta": 1616636516245,
    "relativePath": "misc\\default_video.mp4"
  },
  "db019bf7-f71c-4111-98cf-918ea180cb48": {
    "asset": 1616573831873,
    "meta": 1616636516230,
    "relativePath": "model"
  },
  "e39e96e6-6f6e-413f-bcf1-ac7679bb648a": {
    "asset": 1616573831873,
    "meta": 1616636516230,
    "relativePath": "model\\prefab"
  },
  "a87cc147-01b2-43f8-8e42-a7ca90b0c757": {
    "asset": 1616573932591,
    "meta": 1616636516230,
    "relativePath": "model\\prefab\\box.prefab"
  },
  "fe1417b6-fe6b-46a4-ae7c-9fd331f33a2a": {
    "asset": 1616573932607,
    "meta": 1616636516230,
    "relativePath": "model\\prefab\\capsule.prefab"
  },
  "600301aa-3357-4a10-b086-84f011fa32ba": {
    "asset": 1616573831810,
    "meta": 1616636516230,
    "relativePath": "image\\default-particle.png"
  },
  "b5fc2cf2-7942-483d-be1f-bbeadc4714ad": {
    "asset": 1616573932607,
    "meta": 1616636516230,
    "relativePath": "model\\prefab\\cone.prefab"
  },
  "1c5e4038-953a-44c2-b620-0bbfc6170477": {
    "asset": 1616573932607,
    "meta": 1616636516245,
    "relativePath": "model\\prefab\\cylinder.prefab"
  },
  "3f376125-a699-40ca-ad05-04d662eaa1f2": {
    "asset": 1616573932607,
    "meta": 1616636516245,
    "relativePath": "model\\prefab\\plane.prefab"
  },
  "6c9ef10d-b479-420b-bfe6-39cdda6a8ae0": {
    "asset": 1616573932622,
    "meta": 1616636516245,
    "relativePath": "model\\prefab\\quad.prefab"
  },
  "2d9a4b85-b0ab-4c46-84c5-18f393ab2058": {
    "asset": 1616573932622,
    "meta": 1616636516245,
    "relativePath": "model\\prefab\\sphere.prefab"
  },
  "de510076-056b-484f-b94c-83bef217d0e1": {
    "asset": 1616573932685,
    "meta": 1616636516308,
    "relativePath": "model\\prefab\\torus.prefab"
  },
  "954fec8b-cd16-4bb9-a3b7-7719660e7558": {
    "asset": 1616573831873,
    "meta": 1616636518760,
    "relativePath": "model\\primitives.fbx"
  },
  "14c0d283-a9a3-4c6a-b9fe-0b4d5592001d": {
    "asset": 1616636167676,
    "meta": 1616636518801,
    "relativePath": "resources"
  },
  "f91fc100-98d6-437a-81db-39c9cc29a36a": {
    "asset": 1616664107461,
    "meta": 1616664107600,
    "relativePath": "Script\\FullScreenAdapter.js"
  },
  "64efc11a-e35a-4c78-beab-d86c50f30d37": {
    "asset": 1616668403315,
    "meta": 1616668403527,
    "relativePath": "Script\\Standard.js"
  },
  "78255acd-4c59-417a-9f4c-9688b3315a7f": {
    "asset": 1616669109099,
    "meta": 1616669110538,
    "relativePath": "Script\\Globals.js"
  }
}